{
  "version": "v93325387",
  "trainedAt": "2026-02-20T13:15:25.387Z",
  "featureSize": 40,
  "weights": [
    11.493482999141722,
    2.385602079289317,
    0.16127769590862315,
    -0.10995543241016059,
    -0.10318151022056074,
    -0.04349146188771756,
    0.3262940136351767,
    0.29662001191785503,
    -0.2966200119178622,
    0,
    0,
    0.29662001191785503,
    -0.2966200119178622,
    0,
    9.887333730595183,
    0,
    0,
    0.29662001191785503,
    0.29662001191785503,
    -6.4807118299527975,
    17.68553009119434,
    -0.5996313437919217,
    -1.4624793468080712,
    1.5619475216133454,
    0,
    0,
    0.29662001191785503,
    0.29662001191785503,
    0,
    0,
    0,
    -0.2966200119178622,
    3.178071556262936,
    -0.10002688586695678,
    -0.3262938930740431,
    0.06260497531789012,
    0.26970802802780414,
    0.10477277971800232,
    0.09042586425531754,
    -0.10162892177276046
  ],
  "metrics": {
    "rmse": 155737.13,
    "mae": 118065.71,
    "r2": -0.097,
    "valRmse": 144505.31,
    "epochs": 2199,
    "tuner": "balanced",
    "cleanedSampleCount": 1351
  },
  "sampleCount": 1494,
  "sampleBreakdown": {
    "rawTotal": 5702,
    "cleanedTotal": 1494,
    "prunedOutliers": 0,
    "live": 102,
    "manualScoped": 108,
    "manualCity": 711,
    "manualAll": 4693,
    "synthetic": 88
  },
  "trainingMode": "standard",
  "scope": {
    "city": "Malatya",
    "district": "Yesilyurt",
    "crop": "domates"
  }
}