{
  "version": "v66231705",
  "trainedAt": "2026-03-08T10:37:11.705Z",
  "featureSize": 40,
  "weights": [
    11.163115560843735,
    2.5422370696354535,
    0.26260370611332706,
    -0.13114772282102832,
    -0.08233356454805277,
    -0.12079551934410318,
    0.24203071911587465,
    0,
    0,
    0,
    0.03696286468957798,
    -0.03696286468957833,
    0.03696286468957798,
    0,
    -0.49283819586127053,
    0,
    0,
    0,
    0,
    -2.2234255433151695,
    0.6475024048288661,
    -0.5491046058819604,
    -0.448447873707825,
    0.3946613102024371,
    0,
    0,
    0,
    0,
    0,
    0,
    0,
    0,
    0,
    -0.14900542225246194,
    -0.3617212734321436,
    0.07006718408037144,
    0.24611866367676588,
    0.10185583192937178,
    0.1539687856267479,
    -0.07421701893397864
  ],
  "metrics": {
    "rmse": 144061.93,
    "mae": 107756.32,
    "r2": 0.1239,
    "valRmse": 144654.63,
    "epochs": 1800,
    "tuner": "stable",
    "cleanedSampleCount": 1147
  },
  "sampleCount": 1228,
  "sampleBreakdown": {
    "rawTotal": 5385,
    "cleanedTotal": 1228,
    "prunedOutliers": 0,
    "live": 6,
    "manualScoped": 293,
    "manualCity": 293,
    "manualAll": 4705,
    "synthetic": 88
  },
  "trainingMode": "strict",
  "scope": {
    "city": "Malatya",
    "district": null,
    "crop": "domates"
  }
}